Model,Accuracy,Precision,Recall,F1-Score
Logistic Regression,0.8595505617977528,0.5625,0.22784810126582278,0.32432432432432434
Decision Tree,0.9119850187265918,0.7352941176470589,0.6329113924050633,0.6802721088435374
Random Forest,0.949438202247191,0.9814814814814815,0.6708860759493671,0.7969924812030075
